umbral,reservas_marcadas,cancelaciones_detectadas,falsas_alarmas,precision,recall,f1,pct_marcadas
0.05,9061.0,3562.0,5499.0,0.3931,0.9908,0.5629,0.9345
0.06,8867.8,3545.0,5322.8,0.3998,0.9861,0.5689,0.9146
0.07,8674.6,3528.0,5146.6,0.4067,0.9814,0.5751,0.8947
0.08,8481.4,3511.0,4970.4,0.414,0.9766,0.5815,0.8747
0.09,8288.2,3494.0,4794.2,0.4216,0.9719,0.5881,0.8548
0.1,8095.0,3477.0,4618.0,0.4295,0.9672,0.5949,0.8349
0.11,7927.6,3453.0,4474.6,0.4356,0.9605,0.5993,0.8176
0.12,7760.2,3429.0,4331.2,0.4419,0.9538,0.604,0.8004
0.13,7592.8,3405.0,4187.8,0.4485,0.9471,0.6087,0.7831
0.14,7425.4,3381.0,4044.4,0.4553,0.9405,0.6136,0.7658
0.15,7258.0,3357.0,3901.0,0.4625,0.9338,0.6186,0.7486
0.16,7091.6,3322.0,3769.6,0.4684,0.9241,0.6217,0.7314
0.17,6925.2,3287.0,3638.2,0.4746,0.9143,0.6249,0.7142
0.18,6758.8,3252.0,3506.8,0.4812,0.9046,0.6282,0.6971
0.19,6592.4,3217.0,3375.4,0.488,0.8949,0.6316,0.6799
0.2,6426.0,3182.0,3244.0,0.4952,0.8851,0.6351,0.6627
0.21,6285.2,3151.2,3134.0,0.5014,0.8766,0.6379,0.6482
0.22,6144.4,3120.4,3024.0,0.5078,0.868,0.6408,0.6337
0.23,6003.6,3089.6,2914.0,0.5146,0.8594,0.6438,0.6192
0.24,5862.8,3058.8,2804.0,0.5217,0.8508,0.6468,0.6047
0.25,5722.0,3028.0,2694.0,0.5292,0.8423,0.65,0.5901
0.26,5591.0,2994.6,2596.4,0.5356,0.833,0.652,0.5766
0.27,5460.0,2961.2,2498.8,0.5423,0.8237,0.654,0.5631
0.28,5329.0,2927.8,2401.2,0.5494,0.8144,0.6562,0.5496
0.29,5198.0,2894.4,2303.6,0.5568,0.8051,0.6583,0.5361
0.3,5067.0,2861.0,2206.0,0.5646,0.7958,0.6606,0.5226
0.31,4947.6,2823.8,2123.8,0.5707,0.7855,0.6611,0.5103
0.32,4828.2,2786.6,2041.6,0.5772,0.7751,0.6616,0.498
0.33,4708.8,2749.4,1959.4,0.5839,0.7648,0.6622,0.4856
0.34,4589.4,2712.2,1877.2,0.591,0.7544,0.6628,0.4733
0.35,4470.0,2675.0,1795.0,0.5984,0.7441,0.6634,0.461
0.36,4356.4,2628.4,1728.0,0.6033,0.7311,0.6611,0.4493
0.37,4242.8,2581.8,1661.0,0.6085,0.7182,0.6588,0.4376
0.38,4129.2,2535.2,1594.0,0.614,0.7052,0.6564,0.4259
0.39,4015.6,2488.6,1527.0,0.6197,0.6922,0.654,0.4142
0.4,3902.0,2442.0,1460.0,0.6258,0.6793,0.6515,0.4024
0.41,3793.4,2397.6,1395.8,0.632,0.6669,0.649,0.3912
0.42,3684.8,2353.2,1331.6,0.6386,0.6546,0.6465,0.38
0.43,3576.2,2308.8,1267.4,0.6456,0.6422,0.6439,0.3688
0.44,3467.6,2264.4,1203.2,0.653,0.6299,0.6412,0.3576
0.45,3359.0,2220.0,1139.0,0.6609,0.6175,0.6385,0.3464
0.46,3269.2,2177.0,1092.2,0.6659,0.6056,0.6343,0.3372
0.47,3179.4,2134.0,1045.4,0.6712,0.5936,0.63,0.3279
0.48,3089.6,2091.0,998.6,0.6768,0.5816,0.6256,0.3186
0.49,2999.8,2048.0,951.8,0.6827,0.5697,0.6211,0.3094
0.5,2910.0,2005.0,905.0,0.689,0.5577,0.6164,0.3001
0.51,2824.6,1962.0,862.6,0.6946,0.5458,0.6113,0.2913
0.52,2739.2,1919.0,820.2,0.7006,0.5338,0.6059,0.2825
0.53,2653.8,1876.0,777.8,0.7069,0.5218,0.6004,0.2737
0.54,2568.4,1833.0,735.4,0.7137,0.5099,0.5948,0.2649
0.55,2483.0,1790.0,693.0,0.7209,0.4979,0.589,0.2561
0.56,2404.2,1747.6,656.6,0.7269,0.4861,0.5826,0.248
0.57,2325.4,1705.2,620.2,0.7333,0.4743,0.576,0.2398
0.58,2246.6,1662.8,583.8,0.7401,0.4625,0.5693,0.2317
0.59,2167.8,1620.4,547.4,0.7475,0.4507,0.5624,0.2236
0.6,2089.0,1578.0,511.0,0.7554,0.4389,0.5552,0.2154
0.61,2010.6,1529.2,481.4,0.7606,0.4254,0.5456,0.2074
0.62,1932.2,1480.4,451.8,0.7662,0.4118,0.5357,0.1993
0.63,1853.8,1431.6,422.2,0.7723,0.3982,0.5255,0.1912
0.64,1775.4,1382.8,392.6,0.7789,0.3846,0.515,0.1831
0.65,1697.0,1334.0,363.0,0.7861,0.3711,0.5042,0.175
0.66,1627.2,1285.2,342.0,0.7898,0.3575,0.4922,0.1678
0.67,1557.4,1236.4,321.0,0.7939,0.3439,0.4799,0.1606
0.68,1487.6,1187.6,300.0,0.7983,0.3303,0.4673,0.1534
0.69,1417.8,1138.8,279.0,0.8032,0.3168,0.4544,0.1462
0.7,1348.0,1090.0,258.0,0.8086,0.3032,0.441,0.139
0.71,1285.8,1046.4,239.4,0.8138,0.2911,0.4288,0.1326
0.72,1223.6,1002.8,220.8,0.8195,0.2789,0.4162,0.1262
0.73,1161.4,959.2,202.2,0.8259,0.2668,0.4033,0.1198
0.74,1099.2,915.6,183.6,0.833,0.2547,0.3901,0.1134
0.75,1037.0,872.0,165.0,0.8409,0.2426,0.3765,0.107
0.76,981.4,828.4,153.0,0.8441,0.2304,0.362,0.1012
0.77,925.8,784.8,141.0,0.8477,0.2183,0.3472,0.0955
0.78,870.2,741.2,129.0,0.8518,0.2062,0.332,0.0897
0.79,814.6,697.6,117.0,0.8564,0.194,0.3164,0.084
0.8,759.0,654.0,105.0,0.8617,0.1819,0.3004,0.0783
0.81,706.2,612.2,94.0,0.8669,0.1703,0.2847,0.0728
0.82,653.4,570.4,83.0,0.873,0.1587,0.2685,0.0674
0.83,600.6,528.6,72.0,0.8801,0.147,0.252,0.0619
0.84,547.8,486.8,61.0,0.8886,0.1354,0.235,0.0565
0.85,495.0,445.0,50.0,0.899,0.1238,0.2176,0.0511
0.86,447.6,403.8,43.8,0.9021,0.1123,0.1998,0.0462
0.87,400.2,362.6,37.6,0.906,0.1009,0.1815,0.0413
0.88,352.8,321.4,31.4,0.911,0.0894,0.1628,0.0364
0.89,305.4,280.2,25.2,0.9175,0.0779,0.1437,0.0315
0.9,258.0,239.0,19.0,0.9264,0.0665,0.1241,0.0266
0.91,222.2,206.4,15.8,0.9289,0.0574,0.1081,0.0229
0.92,186.4,173.8,12.6,0.9324,0.0483,0.0919,0.0192
0.93,150.6,141.2,9.4,0.9376,0.0393,0.0754,0.0155
0.94,114.8,108.6,6.2,0.946,0.0302,0.0585,0.0118
0.95,79.0,76.0,3.0,0.962,0.0211,0.0414,0.0081
